id,name,model_id:id,group_id:id,perm_read,perm_write,perm_create,perm_unlink
access_school_transport_driver_admin,school.transport.driver.admin,model_school_transport_driver,school_core.group_school_admin,1,1,1,1
access_school_transport_driver_coord,school.transport.driver.coord,model_school_transport_driver,group_school_transport_coordinator,1,1,1,0
access_school_transport_vehicle_admin,school.transport.vehicle.admin,model_school_transport_vehicle,school_core.group_school_admin,1,1,1,1
access_school_transport_vehicle_coord,school.transport.vehicle.coord,model_school_transport_vehicle,group_school_transport_coordinator,1,1,1,0
access_school_transport_route_admin,school.transport.route.admin,model_school_transport_route,school_core.group_school_admin,1,1,1,1
access_school_transport_route_coord,school.transport.route.coord,model_school_transport_route,group_school_transport_coordinator,1,1,1,0
access_school_transport_stop_admin,school.transport.stop.admin,model_school_transport_stop,school_core.group_school_admin,1,1,1,1
access_school_transport_stop_coord,school.transport.stop.coord,model_school_transport_stop,group_school_transport_coordinator,1,1,1,0
access_school_transport_allocation_admin,school.transport.allocation.admin,model_school_transport_allocation,school_core.group_school_admin,1,1,1,1
access_school_transport_allocation_coord,school.transport.allocation.coord,model_school_transport_allocation,group_school_transport_coordinator,1,1,1,0
